{
  "RELEASE": {
    "license_key": "1H-B89123B0-7D99BD90-9902384C",
    "duration": "1h",
    "created_date": "2025-09-06T21:26:07.853674",
    "expiry_date": null,
    "used": false,
    "used_by": null,
    "used_date": null,
    "used_by_6741982500": true,
    "used_date_6741982500": "2025-09-06T21:26:20.673943",
    "users_who_used": [
      {
        "user_id": 6741982500,
        "user_name": "Melis",
        "used_date": "2025-09-06T21:26:20.673949"
      }
    ]
  },
  "KENISDUMB": {
    "license_key": "1H-800E3A76-921B15DF-15EB75DB",
    "duration": "1h",
    "created_date": "2025-09-07T13:21:27.127159",
    "expiry_date": null,
    "used": false,
    "used_by": null,
    "used_date": null,
    "used_by_6830361573": true,
    "used_date_6830361573": "2025-09-07T13:21:47.555354",
    "users_who_used": [
      {
        "user_id": 6830361573,
        "user_name": "Kenzov",
        "used_date": "2025-09-07T13:21:47.555361"
      }
    ]
  }
}